/*
SQLyog Ultimate v11.24 (32 bit)
MySQL - 5.0.96-community-nt : Database - awesome
*********************************************************************
*/

/*!40101 SET NAMES utf8 */;

/*!40101 SET SQL_MODE=''*/;

/*!40014 SET @OLD_UNIQUE_CHECKS=@@UNIQUE_CHECKS, UNIQUE_CHECKS=0 */;
/*!40014 SET @OLD_FOREIGN_KEY_CHECKS=@@FOREIGN_KEY_CHECKS, FOREIGN_KEY_CHECKS=0 */;
/*!40101 SET @OLD_SQL_MODE=@@SQL_MODE, SQL_MODE='NO_AUTO_VALUE_ON_ZERO' */;
/*!40111 SET @OLD_SQL_NOTES=@@SQL_NOTES, SQL_NOTES=0 */;
CREATE DATABASE /*!32312 IF NOT EXISTS*/`awesome` /*!40100 DEFAULT CHARACTER SET latin1 */;

USE `awesome`;

/*Table structure for table `blogs` */

DROP TABLE IF EXISTS `blogs`;

CREATE TABLE `blogs` (
  `id` varchar(50) NOT NULL,
  `user_id` varchar(50) NOT NULL,
  `title` varchar(50) NOT NULL,
  `summary` varchar(200) NOT NULL,
  `content` mediumtext NOT NULL,
  `cover` varchar(150) default NULL,
  `btype` varchar(2) default '1' COMMENT '1文章;2图集;3视频;',
  `status` varchar(2) default NULL COMMENT '1发表;2审核中;3修改审核中;4草稿;5未通过;6已撤回-1已删除',
  `status_color` varchar(10) default NULL,
  `category_id` varchar(10) default '100',
  `commentState` varchar(2) default '1' COMMENT '评论状态：1可以评论2关闭评论',
  `created_at` double NOT NULL,
  PRIMARY KEY  (`id`),
  KEY `idx_created_at` (`created_at`)
) ENGINE=InnoDB DEFAULT CHARSET=utf8;

/*Data for the table `blogs` */

insert  into `blogs`(`id`,`user_id`,`title`,`summary`,`content`,`cover`,`btype`,`status`,`status_color`,`category_id`,`commentState`,`created_at`) values ('00153362901755082edc23e8e514ec7adad673edae241fa000','001533609870758bbe251b4af3f420296f57415c54d396a000','最新数据很震撼：iOS 在美国市场已开始吊打安卓','分析公司 Mixpanel 今天发布了关于移动设备操作系统在美国的市场份额和移动浏览的新数据。值得注意的是，苹果 iOS 的用户群几乎是 Android 的两倍，这也意味着 Safari 是最受欢迎的移动浏览器。','分析公司 Mixpanel 今天发布了关于移动设备操作系统在美国的市场份额和移动浏览的新数据。值得注意的是，苹果 iOS 的用户群几乎是 Android 的两倍，这也意味着 Safari 是最受欢迎的移动浏览器。分析公司 Mixpanel 今天发布了关于移动设备操作系统在美国的市场份额和移动浏览的新数据。值得注意的是，苹果 iOS 的用户群几乎是 Android 的两倍，这也意味着 Safari 是最受欢迎的移动浏览器。',NULL,'1',NULL,NULL,'1','1',1533629017.55078),('001533629519133207ba84c4dd84d07829feebcb132f1a4000','001533609870758bbe251b4af3f420296f57415c54d396a000','凉了！1200亿的独角兽基金烂尾了','曾经风靡一时、要靠抢购的独角兽基金正在面临窘境，由于国内资本市场表现不济，监管层很难继续推进CDR。而原先七拼八凑弄出来的独角兽基金，现在看来，更像是一组三年期投资于境外企业的债券基金。','今年6月，国内的公募基金圈异常热闹，3000亿元的配额在5个交易日被抢购一空。这些产品不是别的，正是大名鼎鼎的CDR基金。对了，很多没上车的朋友，可能都忘了CDR是什么。先敲个黑板，它相当于是一个凭证，是股票的分身版，买它跟买股票一样。\n\n举个例子：国外一家企业想卖给咱们股票，但是直接买的话太麻烦了。比如开户交易啥的，还得涉及到跨国银行。这时候，这家企业就做了一个股票凭证，放到咱们银行。咱们直接人民币就能买，很方便。',NULL,'1',NULL,NULL,'2','1',1533629519.13347),('001533629804718e57d20ef49f14d96aeafda76d078a90f000','001533609870758bbe251b4af3f420296f57415c54d396a000','说好的雨呢？只在北京东南部下了','今早一睁眼，不少市民发现地面还是干的，说好的雨呢？不是要影响早高峰的吗？','原来，雨不是没来，只是出了点小“意外”，只下在了北京东南部地区。气象部门表示，\n\n南北降雨云团没在北京完美邂逅，都是副热带高压惹的祸。\n\n昨天20时，强降雨云团位于河北张家口地区，但是并没有按照“规划”的路线下山影响北京，而是一路向东。而半夜前后廊坊地区局地发展出强回波东移北上，影响了北京的东南部地区，最大出现在大兴采育，降水量为56.6毫米。\n\n之所以南北降雨云团没有完美邂逅，正是因为副热带高压“捣蛋”，副高势力较强，导致冷空气南下艰难。\n\n据统计，从06日20时至7日7时降水量（毫米）：全市平均0.4，城区微量，东南3.3，东北0.1，西北和西南微量，最大大兴采育56.6。\n\n根据市气象台今天6时的预报，今天白天阴转雷阵雨，北转南风二三级，最高气温30℃；夜间阴有中到大雨，伴有雷电，南转北风二级左右，最低气温24℃。今明两天有雷雨天气，局地短时雨强较大，请及时关注临近预报，注意防雷防雨和交通安全，尽量远离山区河道等危险地带。',NULL,'2',NULL,NULL,'3','1',1533629804.71881),('0015336301581488fd6ef7febaf4e5fb3d927203c475eb8000','001533609870758bbe251b4af3f420296f57415c54d396a000','家长们 一定要注意！别再让这些意外带走你的孩子','别再因为自己的一时疏忽\n\n害了孩子','姐妹钻进车内玩耍 窒息身亡\n2018年7月，安徽蚌埠发生悲剧一幕。一对姐妹在没有大人在场的情况下，钻进家人的轿车内玩耍。当家长发现孩子不见，检查汽车时才发现，姐妹二人都已经失去了生命体征。据了解，两个小女孩一个5岁，一个3岁。当时车门并没有上锁，但她们却没能自己打开车门。经法医确认，姐妹俩是在车内高温下窒息身亡的。',NULL,'1','1','#00CC00','4','1',1533630158.14802),('0015336330502142dc9fc2b0137490f8dc5280bbb0efca7000','001533609870758bbe251b4af3f420296f57415c54d396a000','厦门一女子错误跑步半年 导致半月板严重受损','厦门市民小吴为了好身材,每天坚持跑步,但坚持半年后左膝一弯就疼,完全不敢用力气,近乎瘫痪,贴了跌打膏药也没有任何好转。近日到厦门市中医院骨科检查发现,半月板已经严重损伤,如果保守治疗无效只能进行关节镜探查,再继续跑步会导致膝关节瘫痪。病因就是她超负荷的跑量与错误的跑步姿势。','厦门市中医院骨三科陈志斌主治医师提醒,跑步锻炼一定要选择正确的方式,否则很容易造成膝关节疾病。正确的跑步姿势、合理的跑步安排,是健康跑步的必要条件。有以下五个注意事项:\n\n1.跑步前需要吃一些碳水化合物,一两片面包或者半根香蕉都是很好的选择；\n\n2.一双合适的跑鞋,跑步损伤很多都和鞋不合适有关；\n\n3.穿衣应选择舒适、贴身、排汗好的衣服；\n\n4.正确的跑步姿势应该是:身体稍微前倾,步幅适中,脚掌中部着地,步子轻盈,全身放松,双臂自然摆动；\n\n5.跑步后拉伸,拉伸有助于缓解跑步的肌肉疲劳,加快血液循环,提高恢复速度。\n\n同时,他还建议大家少做长期蹲跪的动作,别蹲着做家务或跪着擦地板,喜欢打太极拳的老人,也不要勉强蹲得太低,站着打高位太极就好。',NULL,'2','1','#00CC00','2','1',1533633050.21483),('00153363308102282b80131f98640efac51c2da87738f0a000','001533609870758bbe251b4af3f420296f57415c54d396a000','大叔花12年时间直接种出椅子，每把卖2.5万，还供不应求！','如果你不是一个有耐心的人，就可能永远也无法理解这份工作。国外大叔Gavin Munro，花了12年时间，把椅子直接种出来。','如果你不是一个有耐心的人，就可能永远也无法理解这份工作。国外大叔Gavin Munro，花了12年时间，把椅子直接种出来。如果你不是一个有耐心的人，就可能永远也无法理解这份工作。国外大叔Gavin Munro，花了12年时间，把椅子直接种出来。如果你不是一个有耐心的人，就可能永远也无法理解这份工作。国外大叔Gavin Munro，花了12年时间，把椅子直接种出来。如果你不是一个有耐心的人，就可能永远也无法理解这份工作。国外大叔Gavin Munro，花了12年时间，把椅子直接种出来。如果你不是一个有耐心的人，就可能永远也无法理解这份工作。国外大叔Gavin Munro，花了12年时间，把椅子直接种出来。',NULL,'1','2','#FFCC00','1','1',1533633081.0226),('0015336331609226f99525288e044079c2cee1e5896c8c0000','001533609870758bbe251b4af3f420296f57415c54d396a000','全球第一艘核航母正在拆解：预计耗时15年 耗资15亿美元！','在中国军迷为可能在建的003型航母兴奋不已地讨论分析时，大洋彼岸的美国海军却在烦恼CVN-78\"福特\"号超级航母可靠性低下问题的同时，还在被另一艘超级航母的解体工作弄得焦头烂额：据美国政府问责办公室的报告称，美国海军拆解世界上第一艘核动力航母\"企业\"号的工作将至少耗时15年，以及耗费15亿美元的资金。','图为正在拆解的CVN-65\"企业\"号核动力航母。该舰既是美国海军独一无二的功勋舰，还是人类历史上第一艘核动力航母。\n\n虽然它依旧是世界上最为强力的海军舰船之一，但1961年服役的\"企业\"在服役五十年之后寿命已尽，最终在各方协调下于2012年退役，并于当年驶入纽波特船坞，在这个她的出生地开始解体工作。\n\n五十年前，围绕着这个人类历史上第一艘核动力超级航母的雄伟计划，纽波特船厂和各军工企业，乃至国防部和海军无数技术人员的智慧和心血凝注其上，这才有了实力超群的\"大E\"（美国海军对企业号的昵称，起源于二战时期），但这座里程碑如今也仍给各方带来了无数麻烦，比方说为她带来澎湃动力的8座反应堆。','http://p1.pstatp.com/large/pgc-image/1534296722756dd981ca7d9','1','2','#FFCC00','2','1',1533633160.92217),('001533633199703e1b34538cbb84d828dfe37bda0c5cff3000','001533609870758bbe251b4af3f420296f57415c54d396a000','一锅汤让一家三口险丧命！很多人夏天常喝这种汤！','除了苦丝瓜 这些食物也有毒发芽的土豆\n\n发芽的土豆或变青的绿皮中，含有龙葵碱，食用后对胃肠薪膜有较强的剌激性和腐蚀性，对中枢神经有麻痹作用，严重的还危及生命。','中国预防医学科学院的调查显示，霉变苹果上外观正常部位的展青霉素含量为霉变部位的10%~50%，所以即使外表看上去仍旧正常的果肉其实已经含有大量有害物质。\n\n防毒指南：当水果发生部分霉变时，只把霉变部位去除后食用未必是安全的，因为展青霉素已经通过果汁扩散到了果实的其他部位。因此“烂水果”应立即全部丢掉，没腐烂的部分也不要再食用。中国预防医学科学院的调查显示，霉变苹果上外观正常部位的展青霉素含量为霉变部位的10%~50%，所以即使外表看上去仍旧正常的果肉其实已经含有大量有害物质。\n\n防毒指南：当水果发生部分霉变时，只把霉变部位去除后食用未必是安全的，因为展青霉素已经通过果汁扩散到了果实的其他部位。因此“烂水果”应立即全部丢掉，没腐烂的部分也不要再食用。',NULL,'2','3','#99CC33','2','1',1533633199.70338),('001533633226716174474da51454c33ad2c8236050a5f13000','001533609870758bbe251b4af3f420296f57415c54d396a000','耗资9个亿！美国首款50000吨雷达曝光：探测距离高达4850公里【Update2】','全球军事装备又有了新情况，首款5万吨雷达系统遭到曝光。这款耗资9个亿堪比一艘航母的大家伙，为何一经亮相就引起了各国振动?这还要从空战战机说起，自从空中战机首次应用实战，展现出巨大杀伤力开始','各国就对此忌惮不已，不断探索对付空中战机的最好方法。俗话说战场上谁先抢占先机谁就能占据胜利的制高点，最开始各国军队就准备在预防空袭上下功夫。于是不停的用战机巡逻就被应用到了战场上，不过那时候战机速度慢飞的低数量少，这种方法还能发挥一定的作用。后来随着科技的进步，战机数量越来越多性能越来越厉害，那种传统的防空方法已经过时了。\n\n到40年代中期，英国率先亮相了一条报警雷达链，给各国防空带来了新的突破。后来在二战战场的催化下，再加上现代信息技术相辅助，军事雷达的应有范围已经相当广泛，有用于发现坦克、军用车辆的战场监视雷达。有战斗机用于搜索目标、引导轰炸敌机的机载雷达。还有具有舰载多功能相控阵监视的舰载雷达。这还只是其中的一小部分，在以信息战为关键样式的现代战争中，雷达技术已经成为海陆空三领域所有装备的必备装置。',NULL,'1','4','#BFBFBF','3','1',1533633226.71693),('0015337085950444bb3e9786742451c98fb9017b79846b1000','001533609870758bbe251b4af3f420296f57415c54d396a000','谷歌中国官网已能打开 看来这事要成了','最近，人民日报发推欢迎谷歌的消息又一次让谷歌回归中国的话题火了起来，自2010年离开中国开始，就不断有谷歌回归的传闻，但一次次都没能最终实现，而人民日报的推特随后也被删除，其中原因不得而知，难道谷歌回归的日子又遥遥无期了？','谷歌为回归做了一系列的动作，一方面国内公司的成立，到后来谷歌AI猜画小歌的爆火，都有很明显的征兆，近日，打开谷歌的国内域名官网google.cn发现能够解析出内容了，和原本的搜索引擎差不多，但也有些出入，基本的搜索引擎服务是不存在的，因为搜索框仅仅是一个图片，点击链接跳转的是香港谷歌主页，想必这是谷歌释放的一个回归信号。在国内，目前主流搜索引擎仍是百度占有足够的份额，昨日人民日报发推消息放出后，网络上便疯传李彦宏的朋友圈，李彦宏表示，欢迎谷歌再次回归，但也对自己充满了信心，相信会再一次赢过谷歌。','http://p1.pstatp.com/large/pgc-image/1534318039713ffe4dccd4f','3','1','#00CC00','3','1',1533708595.04404),('001533715006858d332499fb0644ca981e714de97d1fc96000','00153370944735491813d1ee47a4b9a9ca6bef9cd9c7835000','32℃不等于北极变热','欧洲被热浪侵袭，北极熊登上令人心碎的热门。“32℃的北极圈，无家可归的北极熊面临灭顶之灾”持续刷屏，极地变暖被视为元凶。但同时，另一篇提出“北极熊的数量稳中有升，今年夏天并不难熬”的文章声称北极圈很大、北极熊很好。','北极究竟热不热？北极熊生存状况如何？带着一串问号，记者采访了曾先后16次前往北极科考的中国海洋大学赵进平教授。\n\n未必异常，是否变暖要“秋后算账”\n\n“热”是近期北半球的关键词。“北极圈气温高达32℃”的新闻主角是挪威北部一个叫Banak的气象站，此地往年20多℃的气温在今夏突破30℃。\n\n但赵进平强调：“北极圈内陆地气温偏高不等于北极变热。”据他介绍，最近北极异常温暖现象主要发生在周边陆地，目前没有证据证明今年夏天北极冰区气温变高。“最近20年，北冰洋夏季冰雪覆盖区的表面温度保持在-4℃到0℃之间，被称为‘无核夏天’。冰层起着平衡气温的作用，海冰没有异常减少，冰区气温一般不会突然升高。”\n\n全球变暖以来，北极地区变暖的速度是其他地区的2.5倍，被称作“北极放大”现象。有人将近期北极地区高温归因于北极放大，赵进平表示：“科学研究表明，北极放大现象主要发生在秋冬春三季，夏季北冰洋的海冰覆盖区没有明显的放大效应。”\n\n除了陆地气温升高，赵进平说，无冰区域气温也可能明显上升。由于海冰覆盖范围越来越小，如果陆地和无冰海域的气温高于往年，北极整体气温就会升高。要等到夏天过去，评估所有数据，回顾夏季气温升高的范围、区域、时间，才能明确今夏增暖的整体情况。',NULL,'1','2','#FFCC00','4','1',1533715006.85861),('001534128450029c6e6dd5ed3d64913b3cbd4baac73f7b4000','00153370944735491813d1ee47a4b9a9ca6bef9cd9c7835000','双台风对峙！“摩羯”登陆倒计时，中央气象台发台风黄色预警','中央气象台8月12日18时发布台风黄色预警：\n\n今年第14号台风“摩羯”已于今天（12日）下午5点钟加强为强热带风暴级，其中心位于浙江省台州市东南方向大约235公里的东海南部海面上，就是北纬27.4度、东经122.9度，中心附近最大风力有10级（25米/秒），中心最低气压为985百帕，七级风圈半径150-250公里。','预计，“摩羯”将以每小时35公里左右的速度向西北方向移动，强度还将有所加强，将于12日晚上在浙江瑞安到象山一带沿海登陆（强热带风暴级，10-11级，25-30米/秒），登陆后将继续向西北方向移动，强度逐渐减弱。\n\n另外，南海热带低压已于今天下午2点钟加强为今年第16号台风（热带风暴级），下午5点钟其中心位于广东省阳江市南偏东大约110公里的南海西北部海面上，就是北纬20.9度、东经112.2度，中心附近最大风力有8级（18米/秒），中心最低气压为990百帕，七级风圈半径100-150公里。\n\n预计，未来两天该台风将继续在广东西部近海徘徊，强度先维持、后逐渐加强，预计最大强度可达强热带风暴级（10-11级，25-30m/s）。14日夜间开始逐渐转向偏西方向移动，趋向粤西沿海。\n\n大风预报：12日20时至13日20时，东海大部、南海大部、江苏沿海、上海沿海、长江口区、杭州湾、浙江、广东西部沿海、海南岛东部沿海将有6-7级大风，阵风8-9级，其中，浙江中北部沿海、东海西部和南海西北部的部分海域或地区的风力有8级，阵风9-10级，“摩羯”中心经过的附近海域或地区的风力有9-10级，阵风可达11-12级。\n\n降水预报：12日20时至13日20时，浙江中北部、上海大部、江苏西部、安徽大部、广东南部、海南岛大部等地的部分地区有大到暴雨，其中，浙江北部、安徽东北部和大别山区、广东西南部、海南岛北部局地有大暴雨（100-200毫米）。',NULL,'1','5','#808080','4','1',1534128450.02995),('0015343121840283e15446c844a41a48f38abed1c64da11000','00153370944735491813d1ee47a4b9a9ca6bef9cd9c7835000','航空专家:MH370失踪或因偷乘者潜入飞机搞破坏','海外网8月15日电 在马航MH370客机失联已超4年后，马来西亚政府7月底公布了这起事件的调查报告，但并未确定飞机失联的真正原因。在新闻发布会上，负责人证实客机在飞行中偏离航道的行为属于人为操作，但排除了机长作案的可能。针对这一情况，一位国际航空专家提出的观点认为可能有偷乘者潜入飞机，并在随后展开破坏。','马来西亚政府公布的马航MH370调查报告\n\n海外网8月15日电 在马航MH370客机失联已超4年后，马来西亚政府7月底公布了这起事件的调查报告，但并未确定飞机失联的真正原因。在新闻发布会上，负责人证实客机在飞行中偏离航道的行为属于人为操作，但排除了机长作案的可能。针对这一情况，一位国际航空专家提出的观点认为可能有偷乘者潜入飞机，并在随后展开破坏。\n\n综合《独立报》、澳大利亚新闻网等媒体报道，《国际航空安全》杂志的资深编辑菲利普·鲍姆（Philip Baum）称，调查此事件的相关专家们应该考虑有个人或是团伙偷潜入MH370客机，并在随后进行破坏的可能性。而这可能就是导致客机至今依然下落不明的原因。\n\n身为航空专家的鲍姆对媒体表示：“我认为（飞机失联）极有可能与偷乘者有关，官员似乎都不想考虑有人偷偷潜入飞机的可能性。”他认为，潜入飞机内部的破坏者或是破坏团伙或许是在飞机停在吉隆坡机场时潜入，他们可能藏在飞行甲板后面、位于地板下方的电子设备舱内。\n\n根据波音公司提供的技术信息显示，这一区域也被称作电子工程舱（E/E bay），可以从一处“铰链式的、自动关闭的出入板”进入。此外，机身底部也有一扇可以从外部进入的门。\n\n据悉，鲍姆首次提出这一理论还是在马航客机失联后不久，但他认为自己的观点并未得到充分的考虑。虽然这听起来有些不可思议，但据《国际航空安全》报道，全球曾报道过多达123人在107架次的不同航班上尝试偷乘。他们中的许多人躲在轮舱里，在飞机起落架展开时要冒着被冻死或跌落的风险。另外的一些人则试图伪装成清洁工或是机场官员以便蒙混过关。\n\n7月30日，马来西亚政府公布了MH370客机调查报告。报告中没有给出飞机消失的真正原因，但也披露了事件的几大重点细节，像是飞机在人工控制下曾偏离航线、不排除飞机被劫持，以及否认了“驾驶员自杀论”，这也进一步引发了人们的质疑和猜想。\n\n法国方面就对报告的结果感到不满，尤其是其中“不排除第三方非法干预导致飞机坠毁”这一内容，因此决定对报告中涉及的技术数据展开相关调查。\n\n2014年3月8日，载有239人的MH370客机从吉隆坡飞往北京的途中失踪。其中乘客227名，机组人员12人。客机失踪后，多国组织大规模的搜救行动，但迄今为止一直未发现客机下落。（海外网/张霓）',NULL,'2','1','#00CC00','7','1',1534312184.028),('001534320817741b3dcf01dd37044b4af8a8c39d8080324000','00153370944735491813d1ee47a4b9a9ca6bef9cd9c7835000','天安门广场上的国旗到底有多大？看完后涨知识了','伴随着悠扬的歌声，相信每一个有血性的中国人，都会因国旗的升起而为之自豪。儿时的操场上，奥运会的赛场上、天安门广场上，每一次国歌响起，都会让人内心慷慨激昂。国旗作为一个国家名片，是一个国家的象征。','伴随着悠扬的歌声，相信每一个有血性的中国人，都会因国旗的升起而为之自豪。儿时的操场上，奥运会的赛场上、天安门广场上，每一次国歌响起，都会让人内心慷慨激昂。国旗作为一个国家名片，是一个国家的象征。\n\n每当天安门广场升国旗的时候，会有很多民众一早等候在天安门广场前等待着看国旗升起。当音乐奏起，人们一起慷慨激昂地唱着国歌，看国旗缓缓升起，这一刻是无比神圣的。\n\n那么问题来了，那大家有没有考虑过天安门广场上的国旗到底有多大呢？今天小编就为大家科普一下。根据《国旗法》国旗通用尺度定为如下五种，在必要时可按比例放大或缩小：1号288*192cm，2号240*160cm，3号190*128cm，4号144*96cm，5号96*64cm。','https://t1.huanqiu.cn/337df3065ba5a97ceb66b8b31a99a746.jpg','1','5','#808080','4','1',1534320817.74103),('0015343212686318fa13282ac584bbb98d6ffec8a6c01f9000','00153370944735491813d1ee47a4b9a9ca6bef9cd9c7835000','为什么桌面越乱的人越聪明？','不少人因为工作桌面凌乱，饱受“邋遢、不讲究、懒、随意”的非议，因而被贴上工作效率不佳的标签。\n\n但，不是所有的凌乱都意味着失控，就连乔布斯都认为他的个人魅力是从凌乱的桌面开始形成的。','不少人因为工作桌面凌乱，饱受“邋遢、不讲究、懒、随意”的非议，因而被贴上工作效率不佳的标签。\n\n但，不是所有的凌乱都意味着失控，就连乔布斯都认为他的个人魅力是从凌乱的桌面开始形成的。\n这篇文章为大家呈现了大家公认的成功人士的书桌。我们可以看到，很多伟大的作品和颠覆时代的思想就产生于凌乱的书桌上。\n\n因此，喜欢凌乱的朋友，不必刻意要求自己向工整看齐，有太多世界大师有力地支撑着你，任由你开阔的思维在乱乱的空间里策马奔腾吧。以下，Enjoy：','http://p3.pstatp.com/large/pgc-image/1534312765451c2bb5def5a','1','6','#003399','6','1',1534321268.63103),('0015343215649817e236c8a9fcc46068b7f2056808c7760000','00153370944735491813d1ee47a4b9a9ca6bef9cd9c7835000','湿气重的人怎样调理 湿气重的人一定要戒掉的坏习惯','夏季体内的湿气非常重,人体的脾胃就会非常的虚弱。脾为湿土,喜燥恶湿；湿盛导致脾虚,脾虚亦致生湿,二者往往互为因果,因此,如果不及时健脾除湿,湿气症状会越来越严重,由于脾虚导致的色斑、肌肤暗黄、肥胖、痘痘及各种疾病将随之而来。','夏季体内的湿气非常重,人体的脾胃就会非常的虚弱。脾为湿土,喜燥恶湿；湿盛导致脾虚,脾虚亦致生湿,二者往往互为因果,因此,如果不及时健脾除湿,湿气症状会越来越严重,由于脾虚导致的色斑、肌肤暗黄、肥胖、痘痘及各种疾病将随之而来。\n\n不吃早餐\n\n不吃早餐的人,胃内处于高胃酸状态,会引起胃内黏膜损伤,诱发胃炎、消化性溃疡。长此以往,会导致便秘和胆结石等消化系统疾病。而且不吃早餐,中餐和晚餐时必然会吃下过多的食物,尤其是晚餐,饭后不久就睡觉。机体来不及消化吸收,长此以往,身体不堪重负,使得热能过剩,极易造成脂肪堆积,使人发胖。\n\n边吃边玩\n\n吃饭时端着饭碗跑到电脑面前坐着,眼睛一动不动地盯着屏幕,嘴巴做着机械式的咀嚼,筷子往嘴里塞着食物。长此以住,就会引起食欲减退、影响食物的消化与营养的吸收。\n\n吸烟酗酒\n\n烟中含有的尼古丁是导致胃病的罪魁,吸烟会直接加重胃炎、胃溃疡的病情。“早酒伤胃,宿酒伤脾”,酒对脾胃的伤害不容小觑。长时间饮酒,空腹饮酒或者过量饮酒会影响我们的肠胃功能,造成胃黏膜糜烂、溃疡的发生。可能引起胃癌或加速溃疡恶变。\n\n夏季体内的湿气非常重,人体的脾胃就会非常的虚弱。脾为湿土,喜燥恶湿；湿盛导致脾虚,脾虚亦致生湿,二者往往互为因果,因此,如果不及时健脾除湿,湿气症状会越来越严重,由于脾虚导致的色斑、肌肤暗黄、肥胖、痘痘及各种疾病将随之而来。\n\n过劳久坐\n\n生活中过度劳累伤及脾,脾失健运,进而不能为胃输送营养精微,引起胃部不适,影响脾胃。“久坐伤肉”“久卧伤气”,缺乏运动,脾的运化功能就会减弱,伤害我们的元气。\n\n脾虚湿盛,去湿重在健脾,“湿重”是标,“脾气虚”是本。因此,要祛除身体湿气,必先调补好“脾”!\n\n饮食调理\n\n不要暴饮暴食,加重脾胃负担,同时,一定不要吃冷饮,寒饮最伤脾,贪吃冷饮只会让自己的脾越来越懒,脾不干活了,身上的湿气就会越来越重。可以多吃一些具有健脾功效的食材,例如芡实、山药、胡萝卜以及薏米还有扁豆等等之外。另外,脾胃最爱粥,尤爱可以健脾祛湿的粥品,比如著名的赤豆薏米魔芋粉。赤豆薏米魔芋粉由赤豆、薏米、魔芋、茯苓、山药、糯米组成,健脾养胃,脾胃好了,才能从根本上祛湿。\n\n祛湿:薏米、赤豆、茯苓,三者都是很好的祛湿渗水食材,也能健脾胃,利尿,消炎降火。驱寒:山药、薏米都是很滋补的食物,我们煮汤都会放的,平时少吃到,但驱寒作用好,每日取30g左右用开水冲食,坚持一段时间,体内湿气自然去除。\n\n运动调理\n\n我们都知道脾经穿腹而过,那么我们要做到早晚2次推腹,每次10分钟；这样不仅能加速肠胃蠕动通便,更是健脾养脾的好方法。盘腿而坐,敲打按摩腿部内侧的脾经,如果在按摩过程中,发现有硬结或者疼痛点,就多敲多按,直到无结无痛位置,这也是健脾养脾的好办法。','','1','1','#00CC00','8','0',1534321564.98103),('0015343241449412113e3a5c5f0415fba2a93b5b48f5b63000','00153370944735491813d1ee47a4b9a9ca6bef9cd9c7835000','男性熬夜有什么危害 小心这些地方受损','随着现在工作和生活的压力越来越大,很多的人每天都不得不熬夜,当然也有一部分人其实没有什么重要的事情,只是喜欢晚睡。那么熬夜对于男性朋友来说有什么危害呢?想知道的朋友们就请继续看今天的文章内容吧!\n\n男性熬夜有什么危害','大脑\n\n记忆力的下降、反应迟钝、头痛、失眠大脑在睡眠中修复负责记忆的细胞,如果得不到充分的休息,这部分细胞就会损失得越来越多,导致记忆力下降。\n\n熬夜时,意味着人体负责工作的神经在加班,神经系统疲劳的后果就是消极怠工,让身体出现注意力不集中、反应迟钝,甚至头痛、失眠。\n\n免疫力\n\n身体抵抗力低,经常生病夜间是人体生产新细胞的高峰时间,熬夜让身体持续处于消耗状态,免疫系统抵抗外界影响、修补体内组织的工作就要加倍。据调查,成年人只要3个晚上不能保证7～8小时的睡眠,免疫系统就可能降低60%的功效。\n\n皮肤\n\n熬夜的时候会让我们的皮肤得不到休息,从而无法排出身体里面的毒素。所以长期的熬夜会让人长出黑眼圈,皮肤变得暗淡,并且容易长痘和长皱纹。\n\n虽然有很多男士会说皮肤问题没什么大不了的,但是皮肤问题一旦出现就难以解决,很多情况下还会越来越加重,大家好还是注意一下哦。','','1','-1','#404040','8','1',1534324144.94102),('001534390774122a36db74a089842f3bc885b95da1612ea000','001534390725280f098efd9250d4cd28075b38eeff1a754000','习近平以人为本推进改革惠民','央视网消息：“让改革发展成果惠及更多群众，让人民生活更加幸福美满。”党的十八大以来，以习近平同志为核心的党中央不断推进改革惠民政策，广大人民生活持续改善：贫困人口减少6800多万，居民收入年均增长7.4%，社会养老保险覆盖9亿多人，基本医疗保险覆盖13.5亿人。','央视网消息：“让改革发展成果惠及更多群众，让人民生活更加幸福美满。”党的十八大以来，以习近平同志为核心的党中央不断推进改革惠民政策，广大人民生活持续改善：贫困人口减少6800多万，居民收入年均增长7.4%，社会养老保险覆盖9亿多人，基本医疗保险覆盖13.5亿人。\n\n民惟邦本，本固邦宁。坚持以人民为中心，“把实现好、维护好、发展好最广大人民根本利益作为一切工作的出发点和落脚点”。\n\n不忘初心——坚持以人民为中心\n\n全心全意为人民服务\n\n全心全意为人民服务，是我们党一切行动的根本出发点和落脚点，是我们党区别于其他一切政党的根本标志。\n\n——2013年12月26日，习近平在纪念毛泽东同志诞辰120周年座谈会上的讲话\n\n真诚倾听群众呼声，真实反映群众愿望，真情关心群众疾苦\n\n要坚持把实现好、维护好、发展好最广大人民根本利益作为一切工作的出发点和落脚点，我们的重大工作和重大决策必须识民情、接地气。要以人民群众利益为重、以人民群众期盼为念，真诚倾听群众呼声，真实反映群众愿望，真情关心群众疾苦。\n\n——2014年9月21日，习近平在庆祝中国人民政治协商会议成立65周年大会上的讲话\n\n坚持“以百姓心为心”\n\n我们要坚持“以百姓心为心”，倾听人民心声，汲取人民智慧，始终把实现好、维护好、发展好最广大人民根本利益作为一切工作的出发点和落脚点，让发展成果更多更公平惠及全体人民。\n\n——2014年9月30日，习近平在庆祝中华人民共和国成立65周年招待会上的讲话','http://p9.pstatp.com/large/pgc-image/1534375002817ffc5d98cb6','1','1','#00CC00','7','1',1534390774.12213),('0015344002147455ed3bcf5c9324170bdd38fd808584eb2000','00153432219827803b8695946f642c1b9bedfbd62b7aeed000','11111111111111111111','222222222222222222222222222222','333333333333333333333333333','','1','1','#00CC00','1','1',1534400214.74518),('001534400779320e2e35906115046ac909e2ee4ba24529e000','00153370944735491813d1ee47a4b9a9ca6bef9cd9c7835000','九个方面，看总书记如何用好马克思主义','今年第11期《求是》杂志文章《把马克思主义哲学作为自己的看家本领》，列举了不少总书记活用马哲原理进行理论创新的鲜活例子，对那些觉得马哲原理“说起来容易做起来难”的党员干部作了针对性的答疑解惑，是一次修炼哲学修养、提升从政经验值的好机会。详情请戳《＠党员干部，总书记手把手教你用马哲》','今年第11期《求是》杂志文章《把马克思主义哲学作为自己的看家本领》，列举了不少总书记活用马哲原理进行理论创新的鲜活例子，对那些觉得马哲原理“说起来容易做起来难”的党员干部作了针对性的答疑解惑，是一次修炼哲学修养、提升从政经验值的好机会。详情请戳《＠党员干部，总书记手把手教你用马哲》\n\n马克思主义是随着时代、实践、科学发展而不断发展的开放的理论体系。在纪念马克思诞辰200周年大会上，习近平总书记从九个方面阐述了学习和实践马克思主义的具体内容。 第15期《求是》文章《彰显21世纪马克思主义的真理力量》，就全面解读了习近平新时代中国特色社会主义思想，是如何坚持和发展马克思主义的。一起来看！','http://p1.pstatp.com/large/pgc-image/15343256094594de52e4fc0','1','1','#FFCC00','3','1',1534400779.32047),('0015347494405001ea3b37c45be46e681e2baabc90ddc96000','00153370944735491813d1ee47a4b9a9ca6bef9cd9c7835000','深度操作系统 15.7-性能好才是真的好','深度操作系统是一个致力于为全球用户提供美观易用、安全可靠的Linux发行版。深度操作系统V15.7的主要工作目标是在性能方面进行优化，其中包括iSO体积优化、笔记本的能耗优化和内存优化。同时，也解决了很多在上一个版本发布后发现的问题。','深度操作系统是一个致力于为全球用户提供美观易用、安全可靠的Linux发行版。深度操作系统V15.7的主要工作目标是在性能方面进行优化，其中包括iSO体积优化、笔记本的能耗优化和内存优化。同时，也解决了很多在上一个版本发布后发现的问题。\n\n从15.7版本开始，深度操作系统将采取新的版本号和更新策略：版本号格式为x.y.z。X为主版本号，当前的主版本号为15，代表本版本从2015年开始进行开发和持续维护，y为子版本号，通常每三个月进行一次更新，y值会递增。z为小版本号，如果在两个y版本之间进行了比较重要的系统更新，开发组有可能会发布1-2个小版本。我们计划在Y为偶数的版本进行更多的功能更新，而y为奇数的版本则将把系统的优化和稳定性增强作为重点。\n\n因此15.7版本将是这个版本规则下的第一个以系统优化和稳定性修复为重点的版本。\n\n注意：15.7全面同步了上游debian的最新仓库组件，因此如果你是从早期版本（包括15.6)在线升级到15.7，那么你将收到超过1个G的更新。这个过程，根据你的互联网带宽情况可能短则10分钟，长则数小时，需要耐心等待整个更新完成，而不要在这个过程中强行关闭系统或拔除电源，否则有可能无法重新进入系统。','http://i0.pstatp.com/large/a5f6000e23e0ab39885a','1','1',NULL,'3','1',1534749440.50024),('001534749570599c42d3b91d0194d0a8f20fabbec6a6be9000','00153370944735491813d1ee47a4b9a9ca6bef9cd9c7835000','神经营销学的崛起与应用','深度操作系统是一个致力于为全球用户提供美观易用、安全可靠的Linux发行版。深度操作系统V15.7的主要工作目标是在性能方面进行优化，其中包括iSO体积优化、笔记本的能耗优化和内存优化。同时，也解决了很多在上一个版本发布后发现的问题。','深度操作系统是一个致力于为全球用户提供美观易用、安全可靠的Linux发行版。深度操作系统V15.7的主要工作目标是在性能方面进行优化，其中包括iSO体积优化、笔记本的能耗优化和内存优化。同时，也解决了很多在上一个版本发布后发现的问题。\n\n从15.7版本开始，深度操作系统将采取新的版本号和更新策略：版本号格式为x.y.z。X为主版本号，当前的主版本号为15，代表本版本从2015年开始进行开发和持续维护，y为子版本号，通常每三个月进行一次更新，y值会递增。z为小版本号，如果在两个y版本之间进行了比较重要的系统更新，开发组有可能会发布1-2个小版本。我们计划在Y为偶数的版本进行更多的功能更新，而y为奇数的版本则将把系统的优化和稳定性增强作为重点。\n\n因此15.7版本将是这个版本规则下的第一个以系统优化和稳定性修复为重点的版本。\n\n注意：15.7全面同步了上游debian的最新仓库组件，因此如果你是从早期版本（包括15.6)在线升级到15.7，那么你将收到超过1个G的更新。这个过程，根据你的互联网带宽情况可能短则10分钟，长则数小时，需要耐心等待整个更新完成，而不要在这个过程中强行关闭系统或拔除电源，否则有可能无法重新进入系统。','http://i0.pstatp.com/large/a5f6000e23e0ab39885a','1','2',NULL,'3',NULL,1534749570.59824),('00153474963377155f85cdb83b6468eb36fb6e8554f0e68000','00153370944735491813d1ee47a4b9a9ca6bef9cd9c7835000','22222222222','深度操作系统是一个致力于为全球用户提供美观易用、安全可靠的Linux发行版。深度操作系统V15.7的主要工作目标是在性能方面进行优化，其中包括iSO体积优化、笔记本的能耗优化和内存优化。同时，也解决了很多在上一个版本发布后发现的问题。','深度操作系统是一个致力于为全球用户提供美观易用、安全可靠的Linux发行版。深度操作系统V15.7的主要工作目标是在性能方面进行优化，其中包括iSO体积优化、笔记本的能耗优化和内存优化。同时，也解决了很多在上一个版本发布后发现的问题。\n\n从15.7版本开始，深度操作系统将采取新的版本号和更新策略：版本号格式为x.y.z。X为主版本号，当前的主版本号为15，代表本版本从2015年开始进行开发和持续维护，y为子版本号，通常每三个月进行一次更新，y值会递增。z为小版本号，如果在两个y版本之间进行了比较重要的系统更新，开发组有可能会发布1-2个小版本。我们计划在Y为偶数的版本进行更多的功能更新，而y为奇数的版本则将把系统的优化和稳定性增强作为重点。\n\n因此15.7版本将是这个版本规则下的第一个以系统优化和稳定性修复为重点的版本。\n\n注意：15.7全面同步了上游debian的最新仓库组件，因此如果你是从早期版本（包括15.6)在线升级到15.7，那么你将收到超过1个G的更新。这个过程，根据你的互联网带宽情况可能短则10分钟，长则数小时，需要耐心等待整个更新完成，而不要在这个过程中强行关闭系统或拔除电源，否则有可能无法重新进入系统。','','1','2',NULL,'7',NULL,1534749633.77124),('0015347497510797a916d7ba9ea43359a8ca467c04682a4000','00153370944735491813d1ee47a4b9a9ca6bef9cd9c7835000','33333333333333','111111111','111111231213424444444','','1','2',NULL,'7',NULL,1534749751.07924),('0015347503305809a728b7437ad442f8214a48de0c1ddce000','00153370944735491813d1ee47a4b9a9ca6bef9cd9c7835000','123123123','1231231','3123123123','','1','2',NULL,'8',NULL,1534750330.58024),('001534750423351663175c105b8424f943fba84b5c26f72000','00153370944735491813d1ee47a4b9a9ca6bef9cd9c7835000','4444444444444444','444444444444444444444444','121234444444444444444444444444444444444444444444','','1','2',NULL,'6',NULL,1534750423.35124),('0015348305917159e7f4565291d411888cd55e1f220db49000','001533715056076fbcb50f2e32046f7b004ac9f60aa4811000','文成84岁“网红”突破极限开抖音，只为传“孝道”','近日，抖音上出现了一股传播孝文化、正能量的清流，文成84岁高龄的老人包学冠注册了名叫“孝说人生”的帐号，不断在抖音上发布“孝文化”创意插画短视频，传递孝文化。这一举动获得了大量“抖友”的点赞和关注，网友赞叹是“特别的抖友”！84岁的老人竟然玩起了年轻人喜爱的APP，是什么让这位老先生在耄耋之年依然有一颗“爱抖”之心？今天，包学冠老人介绍了他的“抖音之旅”。','近日，抖音上出现了一股传播孝文化、正能量的清流，文成84岁高龄的老人包学冠注册了名叫“孝说人生”的帐号，不断在抖音上发布“孝文化”创意插画短视频，传递孝文化。这一举动获得了大量“抖友”的点赞和关注，网友赞叹是“特别的抖友”！84岁的老人竟然玩起了年轻人喜爱的APP，是什么让这位老先生在耄耋之年依然有一颗“爱抖”之心？今天，包学冠老人介绍了他的“抖音之旅”。\n\n包学冠是文成县周边家喻户晓的孝文化传承人，传播孝文化已有几十载。他所在的街头村，在他的带领下坚持传承发扬孝文化，现如今已是全国村镇学习的标杆。从一开始的一家一户讲孝行，到如今的千家万户践孝行，包学冠为了能把街头村优秀的孝行事迹传播出去，他不仅数十年如一日的撰写新闻稿、出版孝文化书籍。包老先生把半辈子的精力都专注在传承孝文化上。','','1','2',NULL,'3',NULL,1534830591.71542),('001534931194519b48c4fc564c84d78b25f14e37625720a000','00153493104173825a18c7e8d044599accfc6550f596214000','werfsvdsgsdgasdg','asdgggggggggg','gggggggggggggggggggggggggggggggggggggggggggggggggggggggggggggggggggggggggggggggggggggggggggggggggggggggggggggggggggggggggggggggggggggggggggggggggggggggggggggggggggggggggggggggggggggggggggggggggggggggggggggggggggggggggggggggggggggggggggggggggggggggggggggggggggggggggggggggggggggggggggggggggggggggggggggggggggggggggggggggggggggggggggggggggggggggggggggggggggggggggggggggggggggggggggggggggggggggggggggggggggggggggggggggggggggggggggggggggggggggggggggggggggggggggggggggggggggggggggggggggggggggggggggggggggggggggggggggggggggggggggggggggggggggggggggggggggggggggggggggggggggggggggggggggggggggggggggggggggggggggggggggggggggggggggggggggggggggggggggggggggggggggggggggggggggggggggggggggggggggggggggggggggggggggggggggggggggggggggggggggggggggggggggggggggggggggggggggggggggggggggggggggggggggggggggggggggggggggggggggggggggggggggggggggggggggggggggggggggggggggggggggggggggggggggggggggggggggggggggggggggggggggggggggggggggggggggggg','','1','1',NULL,'4','1',1534931194.51914),('2','001533609870758bbe251b4af3f420296f57415c54d396a000','Something New','Lorem ipsum dolor sit amet, consectetur adipisicing elit','Lorem ipsum dolor sit amet, consectetur adipisicing elit, sed do eiusmod tempor incididunt ut labore et dolore magna aliqua.','http://a2.peoplecdn.cn/8adb54210100652f47e7f346fef06197.jpg','1','1','#00CC00','1','1',1533619931.42199),('3','001533609993499d93483ac1fb949ca82e2707a3a2e5e50000','测试 Node.js，2018','超过 3 亿用户正在使用 Stream 。这些用户全都依赖我们的框架，而我们十分擅长测试要放到生产环境中的任何东西。我们大部分的代码库是用 Go 语言编写的，剩下的部分则是用 Python 编写。','超过 3 亿用户正在使用 Stream 。这些用户全都依赖我们的框架，而我们十分擅长测试要放到生产环境中的任何东西。我们大部分的代码库是用 Go 语言编写的，剩下的部分则是用 Python 编写。\r\n\r\n我们最新的展示应用， Winds 2.0 ，是用 Node.js 构建的，很快我们就了解到测试 Go 和 Python 的常规方法并不适合它。而且，创造一个好的测试套件需要用 Node.js 做很多额外的工作，因为我们正在使用的框架没有提供任何内建的测试功能。\r\n\r\n不论你用什么语言，要构建完好的测试框架可能都非常复杂。本文我们会展示 Node.js 测试过程中的困难部分，以及我们在 Winds 2.0 中用到的各种工具，并且在你要编写下一个测试集合时为你指明正确的方向。\r\n\r\n为什么测试如此重要\r\n我们都向生产环境中推送过糟糕的提交，并且遭受了其后果。碰到这样的情况不是好事。编写一个稳固的测试套件不仅仅是一个明智的检测，而且它还让你能够完全地重构代码，并自信重构之后的代码仍然可以正常运行。这在你刚刚开始编写代码的时候尤为重要。\r\n\r\n如果你是与团队共事，达到测试覆盖率极其重要。没有它，团队中的其他开发者几乎不可能知道他们所做的工作是否导致重大变动（或破坏）。\r\n\r\n编写测试同时会促进你和你的队友把代码分割成更小的片段。这让别人去理解你的代码和修改 bug 变得容易多了。产品收益变得更大，因为你能更早的发现 bug。\r\n\r\n最后，没有测试，你的基本代码还不如一堆纸片。基本不能保证你的代码是稳定的。\r\n\r\n困难的部分\r\n在我看来，我们在 Winds 中遇到的大多数测试问题是 Node.js 中特有的。它的生态系统一直在变大。例如，如果你用的是 macOS，运行 brew upgrade（安装了 homebrew），你看到你一个新版本的 Node.js 的概率非常高。由于 Node.js 迭代频繁，相应的库也紧随其后，想要与最新的库保持同步非常困难。',NULL,'1','2','#FFCC00','2','1',1533621063.58175);

/*Table structure for table `category` */

DROP TABLE IF EXISTS `category`;

CREATE TABLE `category` (
  `id` int(11) NOT NULL,
  `name_CH` varchar(50) NOT NULL,
  `name_EN` varchar(120) default NULL,
  `color` varchar(10) default '#60a3f5',
  `enable` varchar(2) NOT NULL default '1',
  PRIMARY KEY  (`id`)
) ENGINE=MyISAM AUTO_INCREMENT=6 DEFAULT CHARSET=utf8;

/*Data for the table `category` */

insert  into `category`(`id`,`name_CH`,`name_EN`,`color`,`enable`) values (1,'三农',NULL,'#60a3f5','1'),(2,'体育',NULL,'#87a5b5','1'),(3,'科技',NULL,'#60a3f5','1'),(4,'社会',NULL,'#41baad','1'),(100,'其他',NULL,'#87a5b5','1'),(5,'娱乐',NULL,'#b46aff','0'),(6,'文化',NULL,'#60a3f5','1'),(7,'时政',NULL,'#60a3f5','1'),(8,'健康',NULL,'#60a3f5','1');

/*Table structure for table `comments` */

DROP TABLE IF EXISTS `comments`;

CREATE TABLE `comments` (
  `id` varchar(50) NOT NULL,
  `blog_id` varchar(50) NOT NULL,
  `user_id` varchar(50) NOT NULL,
  `content` mediumtext NOT NULL,
  `created_at` double NOT NULL,
  PRIMARY KEY  (`id`),
  KEY `idx_created_at` (`created_at`)
) ENGINE=InnoDB DEFAULT CHARSET=utf8;

/*Data for the table `comments` */

insert  into `comments`(`id`,`blog_id`,`user_id`,`content`,`created_at`) values ('001533624453005318e73fb5b2047bdb047fbfa3859b2db000','0015336331609226f99525288e044079c2cee1e5896c8c0000','001533609870758bbe251b4af3f420296f57415c54d396a000','23123123dasdfsdfsv是的发给第三个',1533624453.00571),('00153362491874744ff681ea2264cdc810223596109848f000','0015336331609226f99525288e044079c2cee1e5896c8c0000','001533609993499d93483ac1fb949ca82e2707a3a2e5e50000','打算打打死大时代爱的飒飒F按时发斯蒂芬AFS 阿飞',1533624918.74734),('001533708643677a7aa0e4b47fe40499f50a3623bd5f1e3000','0015337085950444bb3e9786742451c98fb9017b79846b1000','001533609870758bbe251b4af3f420296f57415c54d396a000','当年太意气用事了，希望Google尽快回归',1533708643.67782),('0015337086523279fe1845bc0e644b696ea0af5f248b90f000','0015337085950444bb3e9786742451c98fb9017b79846b1000','001533609870758bbe251b4af3f420296f57415c54d396a000','一直能打开的，从未消失过',1533708652.32732),('0015337214492766d67d80b5dbf45d5a15a04ba051286d1000','0015336330502142dc9fc2b0137490f8dc5280bbb0efca7000','001533715056076fbcb50f2e32046f7b004ac9f60aa4811000','afdsfads',1533721449.2761),('0015337215776283e3c355b431a4de791dae31ea4c77882000','0015336301581488fd6ef7febaf4e5fb3d927203c475eb8000','001533715056076fbcb50f2e32046f7b004ac9f60aa4811000','一定要注意一定要注意一定要注意一定要注意一定要注意一定要注意一定要注意',1533721577.62844),('0015337841116916d60f70605924e9fb7209624bc9bf4a2000','001533783818750aafe86e9a5684d12af12178068b11fda000','001533715056076fbcb50f2e32046f7b004ac9f60aa4811000','sdfsdfasfsafsdvxcvzxfasdgfs',1533784111.69127),('001534321674749b567373b5bad45d2957a6e65ad31d793000','0015343215649817e236c8a9fcc46068b7f2056808c7760000','00153370944735491813d1ee47a4b9a9ca6bef9cd9c7835000','注意！注意！注意！注意！注意！注意！注意！注意！注意！注意！注意！注意！注意！注意！注意！注意！',1534321674.74903),('00153439889020131ceee7d13ca4834bfcda92cd132bac2000','001534390774122a36db74a089842f3bc885b95da1612ea000','00153432219827803b8695946f642c1b9bedfbd62b7aeed000','asfasdfasdfasfasfd',1534398890.20142),('00153449072782145f91c1b519d4604a6a3b4f0a4dbf6f6000','001534400779320e2e35906115046ac909e2ee4ba24529e000','00153432219827803b8695946f642c1b9bedfbd62b7aeed000','11111111111111111',1534490727.82138),('00153449073054845ffdab3ed93404192208b21dbd18fd4000','001534400779320e2e35906115046ac909e2ee4ba24529e000','00153432219827803b8695946f642c1b9bedfbd62b7aeed000','2222222222',1534490730.54838),('0015344907333060336227f129441208facd458ffbd0245000','001534400779320e2e35906115046ac909e2ee4ba24529e000','00153432219827803b8695946f642c1b9bedfbd62b7aeed000','333333333333333',1534490733.30538),('001534496340347178ad29ced644aeabb9c7cd46adc5f2e000','001534400779320e2e35906115046ac909e2ee4ba24529e000','00153370944735491813d1ee47a4b9a9ca6bef9cd9c7835000','测试',1534496340.34737),('0015344982760855f324b63c7f54774b3fae0ee73dca743000','0015343121840283e15446c844a41a48f38abed1c64da11000','00153370944735491813d1ee47a4b9a9ca6bef9cd9c7835000','测试',1534498276.08537),('0015344983103380b867ac3cabb4a7da27099a35bfd369d000','0015343121840283e15446c844a41a48f38abed1c64da11000','00153370944735491813d1ee47a4b9a9ca6bef9cd9c7835000','按时大SD',1534498310.33837),('001534753306097175ca638f9334d0abb24858460b9c67f000','0015347494405001ea3b37c45be46e681e2baabc90ddc96000','00153370944735491813d1ee47a4b9a9ca6bef9cd9c7835000','测试存储此次猜测错错',1534753306.09738),('001534814472337f9fd6cdb172d4b7ba49836fdcad95c9a000','0015347494405001ea3b37c45be46e681e2baabc90ddc96000','00153370944735491813d1ee47a4b9a9ca6bef9cd9c7835000','去去去切切切群群群群群群群群群群群',1534814472.33768),('0015348159553342c7190f067fa471e805d33ba10fae0ed000','0015347494405001ea3b37c45be46e681e2baabc90ddc96000','001533715056076fbcb50f2e32046f7b004ac9f60aa4811000','我来测试是所所所所所所所',1534815955.3345),('001534836223253fbb2b1a2513c448e94fde245061e89c2000','0015347494405001ea3b37c45be46e681e2baabc90ddc96000','001534836144132dc3c1629c1314bdbb11a0f3aee4b3a83000','叫发货速度发到你是分开',1534836223.25356),('0015348362680980f679636e34540c4a138d379350d9e03000','0015347494405001ea3b37c45be46e681e2baabc90ddc96000','001534836260419600c10bfee8d4e36a6b03204d42cf1b2000','灌灌灌灌灌过过过过过过过过过过过过过过',1534836268.09856),('00153483809505588821c60ddc34c37a5a8903592b4aa09000','0015347494405001ea3b37c45be46e681e2baabc90ddc96000','001534836260419600c10bfee8d4e36a6b03204d42cf1b2000','顶顶顶顶顶大大大多多多多多多多多多',1534838095.05559),('001534908081675bdbeff17008e4099adca1a3484789b4f000','001534390774122a36db74a089842f3bc885b95da1612ea000','00153370944735491813d1ee47a4b9a9ca6bef9cd9c7835000','222222222222222222',1534908081.67523),('00153492690395134e1e69668074a5686df2af716d9dd98000','0015344002147455ed3bcf5c9324170bdd38fd808584eb2000','00153370944735491813d1ee47a4b9a9ca6bef9cd9c7835000','aaaaaaaaaaaaaaaaaa',1534926903.95174);

/*Table structure for table `commentslist` */

DROP TABLE IF EXISTS `commentslist`;

CREATE TABLE `commentslist` (
  `id` varchar(50) NOT NULL,
  `comment_id` varchar(50) default NULL,
  `user_id` varchar(50) NOT NULL,
  `content` mediumtext NOT NULL,
  `created_at` double NOT NULL,
  PRIMARY KEY  (`id`),
  KEY `idx_created_at` (`created_at`)
) ENGINE=InnoDB DEFAULT CHARSET=utf8;

/*Data for the table `commentslist` */

insert  into `commentslist`(`id`,`comment_id`,`user_id`,`content`,`created_at`) values ('0015347574402657eccc4202edb49be8afed4aab90a3cdc000','001534753306097175ca638f9334d0abb24858460b9c67f000','00153370944735491813d1ee47a4b9a9ca6bef9cd9c7835000','aaaaaaaaaaaaaaaaaaaaaaa',1534757440.26523),('00153481423046692621b3957114567b6124068b8357eb1000','001534753306097175ca638f9334d0abb24858460b9c67f000','00153370944735491813d1ee47a4b9a9ca6bef9cd9c7835000','bbbbbbbbbbb',1534814230.46684),('001534815967003f4a373dd26b443e58b77c103b718f69d000','001534753306097175ca638f9334d0abb24858460b9c67f000','001533715056076fbcb50f2e32046f7b004ac9f60aa4811000','cccccccccccccccccccccccccccccc',1534815967.00317),('001534816055060dc28a9afe3164dd1b7beda884a5c545e000','001534753306097175ca638f9334d0abb24858460b9c67f000','001533715056076fbcb50f2e32046f7b004ac9f60aa4811000','aaaaaaaaaaaaaa',1534816055.0602),('001534820030346bc0a4467bc7d4f0fb4e68315576cfee7000','0015348159553342c7190f067fa471e805d33ba10fae0ed000','001533715056076fbcb50f2e32046f7b004ac9f60aa4811000','gggggggggggggggggg',1534820030.34658),('001534820038224742780d832b0474ab570f5e538779f92000','001534814472337f9fd6cdb172d4b7ba49836fdcad95c9a000','001533715056076fbcb50f2e32046f7b004ac9f60aa4811000','gggggggggggggggggg',1534820038.22303),('0015348200455731afd0ab58714424397dd0b7cdc5adad8000','001534814472337f9fd6cdb172d4b7ba49836fdcad95c9a000','001533715056076fbcb50f2e32046f7b004ac9f60aa4811000','tttttttttttttttttuuuuuuuuuuuuuuu',1534820045.57345),('001534820138382759148ec0c87499493f7277df69efe28000','001534814472337f9fd6cdb172d4b7ba49836fdcad95c9a000','001533715056076fbcb50f2e32046f7b004ac9f60aa4811000','cccccccccccccccccc',1534820138.38276),('0015348204582399db2d4f0cdf646cca4e2196daad12c5d000','0015348159553342c7190f067fa471e805d33ba10fae0ed000','001533715056076fbcb50f2e32046f7b004ac9f60aa4811000','aaaaaoooooooooooooo',1534820458.23905),('001534820500628c95e6c211c7648e68f6f899947e12b0a000','0015348159553342c7190f067fa471e805d33ba10fae0ed000','001533715056076fbcb50f2e32046f7b004ac9f60aa4811000','fffffffffffffffffffffffff',1534820500.62848),('001534820739848801112aa889f49d58590e69c355819c8000','0015348159553342c7190f067fa471e805d33ba10fae0ed000','001533715056076fbcb50f2e32046f7b004ac9f60aa4811000','vvvvvvvvvvvvvvvvvv',1534820739.84816),('001534820862567067194292b6d4a4284c6fbb95c908f2b000','0015348159553342c7190f067fa471e805d33ba10fae0ed000','001533715056076fbcb50f2e32046f7b004ac9f60aa4811000','vvvvvvvvvvvvvvvvvvvv',1534820862.56718),('001534834802604dee69941543147d9ba826b08e510c431000','0015348159553342c7190f067fa471e805d33ba10fae0ed000','001533715056076fbcb50f2e32046f7b004ac9f60aa4811000','测试是所所所所所',1534834802.60493),('001534835423474494ce6d10cab45a881303b3d149109d0000','0015348159553342c7190f067fa471e805d33ba10fae0ed000','001533715056076fbcb50f2e32046f7b004ac9f60aa4811000','4444444444444444',1534835423.47424),('001534836237403b74c824f26d942d698cdff58e79bb24f000','0015348159553342c7190f067fa471e805d33ba10fae0ed000','001534836144132dc3c1629c1314bdbb11a0f3aee4b3a83000','打发士大夫的沙发斯蒂芬的范德萨发的说法是',1534836237.40356),('0015348362783202258a051f6234565b67ab10edeafb39d000','001534836223253fbb2b1a2513c448e94fde245061e89c2000','001534836260419600c10bfee8d4e36a6b03204d42cf1b2000','反反复复付付付付付付付付付付付付付付付付付付',1534836278.32056),('001534840144929d50fba925b0e4cb0829b4bb3b126bf58000','001534321674749b567373b5bad45d2957a6e65ad31d793000','00153370944735491813d1ee47a4b9a9ca6bef9cd9c7835000','11111111111111111',1534840144.92956),('00153484015197498dc52606d9d448cbecab6c450bd61d4000','001534321674749b567373b5bad45d2957a6e65ad31d793000','00153370944735491813d1ee47a4b9a9ca6bef9cd9c7835000','222222222222222222222',1534840151.97456),('0015349074803174dd1b77da42341f8bc12ee779b14650d000','','00153370944735491813d1ee47a4b9a9ca6bef9cd9c7835000','1111111111111111111111111111111111111111111111111111111111111111111111',1534907480.31783),('00153490847032122719d7ae5fb49f588be357977d78a5f000','00153439889020131ceee7d13ca4834bfcda92cd132bac2000','00153370944735491813d1ee47a4b9a9ca6bef9cd9c7835000','123qwdascdasdf',1534908470.32145);

/*Table structure for table `fans` */

DROP TABLE IF EXISTS `fans`;

CREATE TABLE `fans` (
  `id` varchar(50) NOT NULL,
  `user_Id` varchar(50) default NULL,
  `follower_user` varchar(50) default NULL COMMENT '粉丝的id',
  `status` varchar(2) default '1' COMMENT '关注状态:是否取消关注等',
  `created_at` double default NULL,
  PRIMARY KEY  (`id`)
) ENGINE=InnoDB DEFAULT CHARSET=utf8;

/*Data for the table `fans` */

insert  into `fans`(`id`,`user_Id`,`follower_user`,`status`,`created_at`) values ('001534926796296f7fe55054c554625b1a347e51630dc83000','00153432219827803b8695946f642c1b9bedfbd62b7aeed000','00153370944735491813d1ee47a4b9a9ca6bef9cd9c7835000','1',1534926796.29658),('001534926923490ab6dbd9e89414fda96ce8dba8c7bfca0000','001534390725280f098efd9250d4cd28075b38eeff1a754000','00153370944735491813d1ee47a4b9a9ca6bef9cd9c7835000','1',1534926923.49085),('001534927706730ba8d0f5bf4084b3d93ff2d0cc8522c79000','00153370944735491813d1ee47a4b9a9ca6bef9cd9c7835000','001534390725280f098efd9250d4cd28075b38eeff1a754000','1',1534927706.73065),('001534930881023bde681fea72941ad99dedbe18caf52ea000','001533609870758bbe251b4af3f420296f57415c54d396a000','001534390725280f098efd9250d4cd28075b38eeff1a754000','1',1534930881.02321),('00153493104917141fbeee9d31c4aaa91670247af8a053c000','00153370944735491813d1ee47a4b9a9ca6bef9cd9c7835000','00153493104173825a18c7e8d044599accfc6550f596214000','1',1534931049.17183),('0015349312612970eed63212c8549e295ee0a646e0db291000','00153493104173825a18c7e8d044599accfc6550f596214000','001534931257674c24bcd4aff7d460ca09895bf949a8b9f000','1',1534931261.29796),('0015349312690977596eacf336b474cabc5283acdc87573000','00153370944735491813d1ee47a4b9a9ca6bef9cd9c7835000','001534931257674c24bcd4aff7d460ca09895bf949a8b9f000','1',1534931269.09741);

/*Table structure for table `follow` */

DROP TABLE IF EXISTS `follow`;

CREATE TABLE `follow` (
  `id` varchar(50) NOT NULL,
  `user_Id` varchar(50) default NULL,
  `followed_user` varchar(50) default NULL COMMENT '关注的人的id',
  `status` varchar(2) default '1' COMMENT '关注状态:是否取消关注等',
  `created_at` double default NULL,
  PRIMARY KEY  (`id`)
) ENGINE=InnoDB DEFAULT CHARSET=utf8;

/*Data for the table `follow` */

insert  into `follow`(`id`,`user_Id`,`followed_user`,`status`,`created_at`) values ('0015349267962570d168a3e9c104957b50c839d458f576a000','00153370944735491813d1ee47a4b9a9ca6bef9cd9c7835000','00153432219827803b8695946f642c1b9bedfbd62b7aeed000','1',1534926796.25758),('0015349269234668e57688ceebb433b814515abb651ca16000','00153370944735491813d1ee47a4b9a9ca6bef9cd9c7835000','001534390725280f098efd9250d4cd28075b38eeff1a754000','0',1534926923.46685),('001534927706705a595cf0ec31943588c7e44613071123d000','001534390725280f098efd9250d4cd28075b38eeff1a754000','00153370944735491813d1ee47a4b9a9ca6bef9cd9c7835000','1',1534927706.70565),('001534930880991b601fb38de2c45f296d2a27d22ce43ee000','001534390725280f098efd9250d4cd28075b38eeff1a754000','001533609870758bbe251b4af3f420296f57415c54d396a000','1',1534930880.99121),('0015349310491436af5433c1bfa408fa15d58350ca81a0e000','00153493104173825a18c7e8d044599accfc6550f596214000','00153370944735491813d1ee47a4b9a9ca6bef9cd9c7835000','1',1534931049.14383),('0015349312612673024a19dab404191bef7fbbaa67326fd000','001534931257674c24bcd4aff7d460ca09895bf949a8b9f000','00153493104173825a18c7e8d044599accfc6550f596214000','1',1534931261.26796),('001534931269064f0ad0563c671471c90d7da738ba4ef7a000','001534931257674c24bcd4aff7d460ca09895bf949a8b9f000','00153370944735491813d1ee47a4b9a9ca6bef9cd9c7835000','1',1534931269.06441);

/*Table structure for table `users` */

DROP TABLE IF EXISTS `users`;

CREATE TABLE `users` (
  `id` varchar(50) NOT NULL,
  `name` varchar(50) NOT NULL,
  `email` varchar(150) NOT NULL,
  `phone` varchar(11) default NULL,
  `passwd` varchar(50) NOT NULL,
  `avatar` varchar(128) default NULL COMMENT '用户头像',
  `url` varchar(128) default NULL COMMENT '个人详情',
  `admin` tinyint(1) default '0',
  `status` varchar(2) default '1' COMMENT '1正常;2禁言;3封禁',
  `created_at` double default NULL,
  PRIMARY KEY  (`id`,`email`),
  UNIQUE KEY `idx_email` (`email`),
  KEY `idx_created_at` (`created_at`)
) ENGINE=InnoDB DEFAULT CHARSET=utf8;

/*Data for the table `users` */

insert  into `users`(`id`,`name`,`email`,`phone`,`passwd`,`avatar`,`url`,`admin`,`status`,`created_at`) values ('001533609870758bbe251b4af3f420296f57415c54d396a000','Sandy','211244545@qq.com',NULL,'03f9b5d7ac7104dd6d45893443b747ae19e18351','http://p1.pstatp.com/thumb/ef300134e770fdcfd71',NULL,0,'1',1533609870.75821),('001533609993499d93483ac1fb949ca82e2707a3a2e5e50000','zhang三','311244545@qq.com',NULL,'b264cf5ac486c5841a43b9eea046e5c121d8cbab','http://p98.pstatp.com/large/pgc-image/1527464519776c2003be30e',NULL,0,'1',1533609993.49923),('00153361932190152b5896ad3d247a597cc24266db9904b000','zhang三333','12314124@163.com',NULL,'4872b211ceef7536671ddd8cf4f5aef6e33bd133','http://p3.pstatp.com/large/pgc-image/1527464558115e6d449b0fb',NULL,0,'1',1533619321.90122),('00153370944735491813d1ee47a4b9a9ca6bef9cd9c7835000','python在线','python123@google.com',NULL,'b77f16cfb85bc393d996c427c978932d5bc0b9db','http://p1.pstatp.com/thumb/1141/1457176575',NULL,0,'1',1533709447.3545),('001533715056076fbcb50f2e32046f7b004ac9f60aa4811000','张三疯','zhagnsanfeng111@163.com',NULL,'faa09dab381fd3debae69eb779868fa6834867b9','http://p9.pstatp.com/large/pgc-image/1533607373871c386231603',NULL,0,'1',1533715056.07643),('00153432219827803b8695946f642c1b9bedfbd62b7aeed000','Admin','admin123@admin.com',NULL,'2cff8af25703d64a11d1a3c83a87447029a3f737','http://p1.pstatp.com/thumb/ef300134e770fdcfd71','https://www.toutiao.com/c/user/3141345728/#mid=6947483083',1,'1',1534322198.27873),('001534390725280f098efd9250d4cd28075b38eeff1a754000','1111','1111@111.com','13685296321','ce85090d67a1c8ca98d3706995d8921f6b32b22a','http://www.gravatar.com/avatar/7e90760f8afafdb888e159c7025c2806?d=mm&s=120',NULL,0,'1',1534390725.28113),('001534836144132dc3c1629c1314bdbb11a0f3aee4b3a83000','googleIK','qwer@google.com','13689745612','af717bd2b9874ead2efe893972b82cdf71238d3b','http://www.gravatar.com/avatar/c658aa024c5241fd2d616e80b08b61c9?d=mm&s=120',NULL,0,'1',1534836144.13356),('001534836260419600c10bfee8d4e36a6b03204d42cf1b2000','FFFF','ffff@111.com','','42379dd6161ecebdcbd0eabea8549857e3ab4a56','http://www.gravatar.com/avatar/b039a22a5ae4f13afcffb252064f1a45?d=mm&s=120',NULL,0,'1',1534836260.41956),('00153493104173825a18c7e8d044599accfc6550f596214000','Test1','test1@111.com','','97dc7c0abea76ce294410e7c1408b04f3475a10a','http://www.gravatar.com/avatar/5b6d39d88028cc236d8a20f92163589e?d=mm&s=120',NULL,0,'1',1534931041.7384),('001534931257674c24bcd4aff7d460ca09895bf949a8b9f000','Test2','test2@111.com','','5f64377f3d07bde9e3c2870208099465d632fa6b','http://www.gravatar.com/avatar/58f8978ed9798ff862f8294db39eea4e?d=mm&s=120',NULL,0,'1',1534931257.67475);

/*!40101 SET SQL_MODE=@OLD_SQL_MODE */;
/*!40014 SET FOREIGN_KEY_CHECKS=@OLD_FOREIGN_KEY_CHECKS */;
/*!40014 SET UNIQUE_CHECKS=@OLD_UNIQUE_CHECKS */;
/*!40111 SET SQL_NOTES=@OLD_SQL_NOTES */;
